TimeStamp,SampleNo,X-Axis,Y-Axis,Z-Axis,SensorType,SensorID
110,0,-0.9052734375,-0.455810546875,0.25830078125,0,3
152,1,-0.84423828125,-0.451416015625,0.260009765625,0,3
179,2,-0.84423828125,-0.451416015625,0.260009765625,0,3
237,3,-0.8603515625,-0.456298828125,0.256591796875,0,3
251,4,-0.8603515625,-0.456298828125,0.256591796875,0,3
285,5,-0.852783203125,-0.4541015625,0.18701171875,0,3
338,6,-0.85498046875,-0.453369140625,0.187255859375,0,3
385,7,-0.848388671875,-0.452392578125,0.185791015625,0,3
433,8,-0.850341796875,-0.455810546875,0.1826171875,0,3
483,9,-0.854248046875,-0.45361328125,0.180908203125,0,3
530,10,-0.857666015625,-0.45849609375,0.1767578125,0,3
633,11,-0.852783203125,-0.443603515625,0.169677734375,0,3
689,12,-0.859130859375,-0.446044921875,0.184326171875,0,3
725,13,-0.860595703125,-0.440185546875,0.182861328125,0,3
772,14,-0.857666015625,-0.449462890625,0.181884765625,0,3
822,15,-0.85888671875,-0.441650390625,0.1845703125,0,3
877,16,-0.855712890625,-0.45361328125,0.18017578125,0,3
983,17,-0.86669921875,-0.349609375,0.263671875,0,3
1009,18,-0.86669921875,-0.349609375,0.263671875,0,3
1021,19,-0.884521484375,-0.45166015625,0.3291015625,0,3
1065,20,-0.8681640625,-0.483642578125,0.296875,0,3
1113,21,-0.96484375,-0.409423828125,0.338134765625,0,3
1162,22,-0.886474609375,-0.44873046875,0.22998046875,0,3
1211,23,-0.823974609375,-0.456298828125,0.247802734375,0,3
1260,24,-0.79833984375,-0.302490234375,0.1875,0,3
1309,25,-0.816162109375,-0.380126953125,0.080810546875,0,3
1357,26,-0.987548828125,-0.341064453125,0.000732421875,0,3
1407,27,-1.13916015625,-0.17578125,-0.01220703125,0,3
1458,28,-0.9306640625,-0.235595703125,0.10498046875,0,3
1504,29,-1.01171875,-0.332275390625,0.287353515625,0,3
1556,30,-0.92822265625,-0.39501953125,0.365478515625,0,3
1604,31,-0.865234375,-0.3671875,0.483154296875,0,3
1650,32,-0.802978515625,-0.38671875,0.39111328125,0,3
1722,33,-0.88330078125,-0.416748046875,0.382568359375,0,3
1747,34,-0.800048828125,-0.397705078125,0.289306640625,0,3
1796,35,-0.814453125,-0.4814453125,0.172607421875,0,3
1845,36,-0.746337890625,-0.460693359375,0.096435546875,0,3
1894,37,-0.74609375,-0.2451171875,0.1318359375,0,3
1942,38,-0.691162109375,-0.33349609375,0.135498046875,0,3
1991,39,-0.60205078125,-0.159912109375,0.13671875,0,3
2040,40,-0.793701171875,-0.16015625,0.12890625,0,3
2088,41,-0.744384765625,-0.13916015625,0.06787109375,0,3
2138,42,-0.827392578125,-0.1142578125,0.06103515625,0,3
2186,43,-0.87060546875,-0.17236328125,0.046630859375,0,3
2234,44,-0.9931640625,-0.15576171875,0.102783203125,0,3
2283,45,-1.07177734375,-0.1044921875,0.201171875,0,3
2334,46,-0.97021484375,-0.142822265625,0.1669921875,0,3
2381,47,-0.994384765625,-0.165283203125,0.2001953125,0,3
2430,48,-1.012451171875,-0.27734375,0.15771484375,0,3
2478,49,-1.044921875,-0.177490234375,0.251220703125,0,3
2576,50,-1.095458984375,-0.250732421875,0.27099609375,0,3
2624,51,-1.10205078125,-0.2138671875,0.136962890625,0,3
2674,52,-1.04150390625,-0.142333984375,0.15673828125,0,3
2722,53,-1.030029296875,-0.115966796875,0.326171875,0,3
2771,54,-1.12646484375,-0.210693359375,0.318603515625,0,3
2820,55,-1.091552734375,-0.32373046875,0.253662109375,0,3
2869,56,-1.150390625,-0.144287109375,0.057373046875,0,3
2917,57,-1.013671875,-0.09326171875,0.07958984375,0,3
2970,58,-1.051025390625,-0.2138671875,-0.291015625,0,3
3016,59,-1.246337890625,-0.3916015625,-0.00244140625,0,3
3066,60,-1.356689453125,0.011474609375,0.55712890625,0,3
3115,61,-1.306640625,-0.080810546875,0.51611328125,0,3
3162,62,-1.541259765625,-0.361328125,-0.0478515625,0,3
3211,63,-1.518310546875,-0.085693359375,0.125732421875,0,3
3259,64,-1.381591796875,-0.1513671875,-0.02294921875,0,3
3308,65,-1.235595703125,-0.265625,0.034423828125,0,3
3357,66,-1.09375,-0.15869140625,0.056396484375,0,3
3406,67,-0.926025390625,-0.1572265625,0.12060546875,0,3
3454,68,-0.83642578125,-0.161376953125,0.09814453125,0,3
3503,69,-0.657958984375,-0.269287109375,0.150634765625,0,3
3552,70,-0.671875,-0.2744140625,0.1337890625,0,3
3604,71,-0.69189453125,-0.2314453125,0.198486328125,0,3
3650,72,-0.75732421875,-0.238037109375,0.105224609375,0,3
3699,73,-0.667236328125,-0.23046875,0.194580078125,0,3
3746,74,-0.674560546875,-0.281005859375,0.121337890625,0,3
3795,75,-0.7646484375,-0.27392578125,0.108154296875,0,3
3843,76,-0.7216796875,-0.24951171875,0.193359375,0,3
3894,77,-0.735595703125,-0.315185546875,0.15673828125,0,3
3941,78,-0.737548828125,-0.223876953125,0.167236328125,0,3
3990,79,-0.817138671875,-0.22314453125,0.17578125,0,3
4040,80,-0.78271484375,-0.25,0.2724609375,0,3
4088,81,-0.896728515625,-0.341552734375,0.33203125,0,3
4135,82,-0.89990234375,-0.3408203125,0.246826171875,0,3
4184,83,-0.849853515625,-0.35888671875,0.29345703125,0,3
4233,84,-0.90478515625,-0.369384765625,0.299560546875,0,3
4283,85,-0.917724609375,-0.528564453125,0.2939453125,0,3
4331,86,-0.960693359375,-0.42626953125,0.400390625,0,3
4382,87,-0.966796875,-0.392578125,0.33935546875,0,3
4430,88,-0.956787109375,-0.4140625,0.18505859375,0,3
4479,89,-0.861083984375,-0.452880859375,0.171875,0,3
4575,90,-0.96533203125,-0.399658203125,0.17822265625,0,3
4623,91,-0.87353515625,-0.295654296875,0.25146484375,0,3
4672,92,-0.85400390625,-0.398681640625,0.165771484375,0,3
4720,93,-0.848388671875,-0.352294921875,0.1591796875,0,3
4772,94,-0.853271484375,-0.39599609375,0.162353515625,0,3
4819,95,-0.89697265625,-0.3876953125,0.16845703125,0,3
4868,96,-0.898193359375,-0.398681640625,0.172607421875,0,3
4916,97,-0.844970703125,-0.354736328125,0.177978515625,0,3
4965,98,-0.87109375,-0.370361328125,0.26025390625,0,3
5016,99,-0.873046875,-0.3544921875,0.2216796875,0,3
5063,100,-0.937744140625,-0.35595703125,0.24560546875,0,3
5112,101,-0.8720703125,-0.405517578125,0.31494140625,0,3
5161,102,-0.939208984375,-0.39794921875,0.32568359375,0,3
5208,103,-0.944580078125,-0.384765625,0.343017578125,0,3
5257,104,-0.9423828125,-0.390625,0.340576171875,0,3
5306,105,-0.938232421875,-0.38720703125,0.24755859375,0,3
5355,106,-0.945556640625,-0.400634765625,0.238037109375,0,3
5404,107,-0.873291015625,-0.389892578125,0.233154296875,0,3
5452,108,-0.945556640625,-0.397705078125,0.273193359375,0,3
5501,109,-0.87060546875,-0.387939453125,0.267822265625,0,3
5550,110,-0.87255859375,-0.38623046875,0.2646484375,0,3
5602,111,-0.86767578125,-0.386474609375,0.251953125,0,3
5660,112,-0.87109375,-0.389892578125,0.25537109375,0,3
5696,113,-0.865478515625,-0.380859375,0.255126953125,0,3
5744,114,-0.867431640625,-0.382080078125,0.266845703125,0,3
5793,115,-0.867919921875,-0.380859375,0.271240234375,0,3
5842,116,-0.872802734375,-0.38134765625,0.27783203125,0,3
5891,117,-0.938232421875,-0.383056640625,0.278076171875,0,3
5940,118,-0.87109375,-0.38525390625,0.23095703125,0,3
5989,119,-0.9453125,-0.3857421875,0.228271484375,0,3
6038,120,-0.869140625,-0.383056640625,0.22802734375,0,3
6087,121,-0.94482421875,-0.390380859375,0.229248046875,0,3
6135,122,-0.940185546875,-0.38916015625,0.221923828125,0,3
6184,123,-0.943603515625,-0.3916015625,0.27685546875,0,3
6232,124,-0.943115234375,-0.390625,0.277099609375,0,3
6281,125,-0.871826171875,-0.387451171875,0.263427734375,0,3
6330,126,-0.869873046875,-0.384765625,0.260498046875,0,3
6379,127,-0.939697265625,-0.385986328125,0.27001953125,0,3
6478,128,-0.873046875,-0.383056640625,0.255126953125,0,3
6526,129,-0.872314453125,-0.3935546875,0.263427734375,0,3
6574,130,-0.86767578125,-0.38623046875,0.272216796875,0,3
6622,131,-0.947021484375,-0.390625,0.27001953125,0,3
6671,132,-0.945556640625,-0.38232421875,0.219482421875,0,3
6721,133,-0.872802734375,-0.379638671875,0.277099609375,0,3
6769,134,-0.868408203125,-0.379150390625,0.218994140625,0,3
6818,135,-0.942626953125,-0.311767578125,0.277099609375,0,3
6867,136,-0.93994140625,-0.3798828125,0.277587890625,0,3
6915,137,-0.87109375,-0.3798828125,0.27783203125,0,3
6963,138,-0.87109375,-0.39111328125,0.224365234375,0,3
7012,139,-0.9453125,-0.388427734375,0.23095703125,0,3
7061,140,-0.949951171875,-0.377197265625,0.222412109375,0,3
7109,141,-0.945068359375,-0.384033203125,0.269287109375,0,3
7158,142,-0.946533203125,-0.39013671875,0.27490234375,0,3
7207,143,-0.941162109375,-0.37890625,0.27587890625,0,3
7256,144,-0.939208984375,-0.303955078125,0.223876953125,0,3
7305,145,-0.859375,-0.298095703125,0.275146484375,0,3
7354,146,-0.863525390625,-0.30908203125,0.27734375,0,3
7403,147,-0.8662109375,-0.30712890625,0.27197265625,0,3
7452,148,-0.864990234375,-0.300537109375,0.265869140625,0,3
7501,149,-0.873046875,-0.386474609375,0.259765625,0,3
7549,150,-0.94970703125,-0.377197265625,0.254638671875,0,3
7604,151,-0.93896484375,-0.385498046875,0.256103515625,0,3
7650,152,-0.871337890625,-0.38232421875,0.266845703125,0,3
7694,153,-0.942138671875,-0.37841796875,0.279052734375,0,3
7743,154,-0.947509765625,-0.382080078125,0.27734375,0,3
7792,155,-0.9404296875,-0.378662109375,0.2216796875,0,3
7841,156,-0.9443359375,-0.308349609375,0.2197265625,0,3
7889,157,-0.9482421875,-0.3115234375,0.27685546875,0,3
7944,158,-0.95166015625,-0.300537109375,0.26416015625,0,3
7988,159,-0.940185546875,-0.38134765625,0.251220703125,0,3
8037,160,-0.874267578125,-0.388427734375,0.2578125,0,3
8084,161,-0.865478515625,-0.3056640625,0.270751953125,0,3
8133,162,-0.937744140625,-0.375244140625,0.271484375,0,3
8183,163,-0.95361328125,-0.379150390625,0.275146484375,0,3
8231,164,-0.951171875,-0.375732421875,0.25830078125,0,3
8280,165,-0.948974609375,-0.30810546875,0.2568359375,0,3
8329,166,-0.94384765625,-0.302978515625,0.257568359375,0,3
8377,167,-0.94287109375,-0.296630859375,0.18359375,0,3
8474,168,-0.94775390625,-0.29443359375,0.253173828125,0,3
8523,169,-0.94189453125,-0.296875,0.253173828125,0,3
8575,170,-0.941650390625,-0.30126953125,0.255615234375,0,3
8623,171,-0.94384765625,-0.288818359375,0.25830078125,0,3
8669,172,-0.943603515625,-0.306396484375,0.2568359375,0,3
8718,173,-0.95068359375,-0.307373046875,0.271484375,0,3
8767,174,-0.95068359375,-0.376953125,0.267578125,0,3
8819,175,-0.950439453125,-0.37646484375,0.2724609375,0,3
8865,176,-0.941162109375,-0.37744140625,0.279296875,0,3
8913,177,-0.947265625,-0.37890625,0.27587890625,0,3
8963,178,-0.9541015625,-0.312255859375,0.272216796875,0,3
9011,179,-0.872802734375,-0.378173828125,0.259033203125,0,3
9059,180,-0.942138671875,-0.31201171875,0.259033203125,0,3
9111,181,-0.874267578125,-0.307373046875,0.261474609375,0,3
9157,182,-0.94677734375,-0.311279296875,0.2626953125,0,3
9205,183,-0.870361328125,-0.305419921875,0.2578125,0,3
9254,184,-0.943115234375,-0.308349609375,0.2607421875,0,3
9303,185,-0.938232421875,-0.303466796875,0.257568359375,0,3
9352,186,-0.9404296875,-0.37890625,0.2529296875,0,3
9402,187,-0.940673828125,-0.31103515625,0.255126953125,0,3
9449,188,-0.938720703125,-0.30517578125,0.26611328125,0,3
9498,189,-0.9423828125,-0.31103515625,0.26171875,0,3
9547,190,-0.943359375,-0.307373046875,0.2666015625,0,3
9596,191,-0.941650390625,-0.305419921875,0.271240234375,0,3
9645,192,-0.953857421875,-0.308349609375,0.269287109375,0,3
9693,193,-0.94189453125,-0.37548828125,0.266845703125,0,3
9742,194,-0.9541015625,-0.308837890625,0.2666015625,0,3
9790,195,-0.94873046875,-0.377197265625,0.26513671875,0,3
9839,196,-0.939208984375,-0.378662109375,0.26220703125,0,3
9888,197,-0.939208984375,-0.375732421875,0.26171875,0,3
9937,198,-0.944580078125,-0.3779296875,0.260498046875,0,3
9985,199,-0.947265625,-0.3115234375,0.2548828125,0,3
10034,200,-0.9482421875,-0.306884765625,0.265380859375,0,3
10083,201,-0.945556640625,-0.306396484375,0.2578125,0,3
10132,202,-0.947998046875,-0.307373046875,0.263916015625,0,3
10180,203,-0.94482421875,-0.3056640625,0.263671875,0,3
10229,204,-0.874267578125,-0.298583984375,0.2802734375,0,3
10278,205,-0.945556640625,-0.298828125,0.263671875,0,3
10327,206,-0.94873046875,-0.305908203125,0.26708984375,0,3
10425,207,-0.869384765625,-0.305908203125,0.265625,0,3
10474,208,-0.94482421875,-0.3046875,0.2666015625,0,3
10522,209,-0.9384765625,-0.377197265625,0.259765625,0,3
10573,210,-0.937744140625,-0.306640625,0.26318359375,0,3
10619,211,-0.946044921875,-0.3076171875,0.259521484375,0,3
10668,212,-0.945068359375,-0.3056640625,0.25927734375,0,3
10717,213,-0.942626953125,-0.302978515625,0.26806640625,0,3
10766,214,-0.94091796875,-0.304443359375,0.274658203125,0,3
10815,215,-0.94677734375,-0.302001953125,0.2744140625,0,3
10863,216,-0.9482421875,-0.304443359375,0.26171875,0,3
10913,217,-0.943359375,-0.30517578125,0.270263671875,0,3
10964,218,-0.948486328125,-0.306884765625,0.26513671875,0,3
11010,219,-0.95068359375,-0.310302734375,0.26123046875,0,3
11060,220,-0.941162109375,-0.310546875,0.25634765625,0,3
11107,221,-0.944580078125,-0.305419921875,0.265380859375,0,3
11156,222,-0.9453125,-0.309326171875,0.258544921875,0,3
11205,223,-0.943115234375,-0.37548828125,0.2626953125,0,3
11253,224,-0.939697265625,-0.308837890625,0.25634765625,0,3
11302,225,-0.947265625,-0.3759765625,0.26318359375,0,3
11351,226,-0.9501953125,-0.3115234375,0.268310546875,0,3
11399,227,-0.94482421875,-0.306884765625,0.266845703125,0,3
11448,228,-0.945556640625,-0.30322265625,0.26220703125,0,3
11497,229,-0.94580078125,-0.306884765625,0.2587890625,0,3
11546,230,-0.940673828125,-0.307373046875,0.264892578125,0,3
11597,231,-0.95068359375,-0.302978515625,0.2587890625,0,3
11645,232,-0.950927734375,-0.307373046875,0.25537109375,0,3
11691,233,-0.94140625,-0.3046875,0.253662109375,0,3
11740,234,-0.94287109375,-0.30810546875,0.255859375,0,3
11789,235,-0.943603515625,-0.309326171875,0.25048828125,0,3
11838,236,-0.942626953125,-0.306884765625,0.257568359375,0,3
11888,237,-0.941162109375,-0.306640625,0.2548828125,0,3
11935,238,-0.94775390625,-0.3759765625,0.2626953125,0,3
11984,239,-0.942626953125,-0.307373046875,0.260498046875,0,3
12033,240,-0.943359375,-0.30712890625,0.26123046875,0,3
12082,241,-0.943603515625,-0.307861328125,0.259521484375,0,3
12131,242,-0.946044921875,-0.30908203125,0.25732421875,0,3
12179,243,-0.94287109375,-0.302734375,0.255126953125,0,3
12229,244,-0.9453125,-0.306396484375,0.25146484375,0,3
12278,245,-0.9423828125,-0.3046875,0.2578125,0,3
12375,246,-0.946533203125,-0.30712890625,0.255615234375,0,3
12423,247,-0.950927734375,-0.31103515625,0.26318359375,0,3
12473,248,-0.941162109375,-0.3095703125,0.26171875,0,3
12582,249,-0.942138671875,-0.31103515625,0.265625,0,3
12601,250,-0.942138671875,-0.31103515625,0.265625,0,3
12624,251,-0.941162109375,-0.30419921875,0.262939453125,0,3
12684,252,-0.9462890625,-0.31005859375,0.1875,0,3
12728,253,-0.94677734375,-0.309814453125,0.260009765625,0,3
12774,254,-0.87451171875,-0.30810546875,0.25732421875,0,3
12823,255,-0.946044921875,-0.31005859375,0.260009765625,0,3
12867,256,-0.9462890625,-0.3095703125,0.258544921875,0,3
12931,257,-0.945556640625,-0.31103515625,0.26025390625,0,3
12974,258,-0.94140625,-0.3095703125,0.26171875,0,3
13014,259,-0.94091796875,-0.306396484375,0.254638671875,0,3
13071,260,-0.94140625,-0.37548828125,0.25537109375,0,3
13109,261,-0.947265625,-0.30810546875,0.258544921875,0,3
13161,262,-0.939697265625,-0.378662109375,0.255615234375,0,3
13217,263,-0.946533203125,-0.309814453125,0.26220703125,0,3
13256,264,-0.94677734375,-0.312255859375,0.254150390625,0,3
13315,265,-0.94140625,-0.310546875,0.251220703125,0,3
13355,266,-0.943359375,-0.30517578125,0.25341796875,0,3
13408,267,-0.94287109375,-0.308837890625,0.255859375,0,3
13464,268,-0.94677734375,-0.3037109375,0.25732421875,0,3
13504,269,-0.942626953125,-0.308349609375,0.2607421875,0,3
13549,270,-0.94384765625,-0.311767578125,0.25634765625,0,3
13608,271,-0.947998046875,-0.310791015625,0.25732421875,0,3
13647,272,-0.942138671875,-0.376220703125,0.18603515625,0,3
13702,273,-0.9443359375,-0.3759765625,0.259521484375,0,3
13742,274,-0.944580078125,-0.312255859375,0.26025390625,0,3
13794,275,-0.94384765625,-0.3115234375,0.2509765625,0,3
13853,276,-0.9443359375,-0.30810546875,0.25439453125,0,3
13901,277,-0.94677734375,-0.37548828125,0.252685546875,0,3
13977,278,-0.94140625,-0.31005859375,0.259033203125,0,3
14016,279,-0.945556640625,-0.3125,0.25634765625,0,3
14060,280,-0.9501953125,-0.379150390625,0.260498046875,0,3
14085,281,-0.943359375,-0.309814453125,0.251953125,0,3
14137,282,-0.94384765625,-0.311767578125,0.255126953125,0,3
14189,283,-0.945556640625,-0.376220703125,0.1875,0,3
14231,284,-0.946044921875,-0.306396484375,0.255615234375,0,3
14343,285,-0.943603515625,-0.309326171875,0.2587890625,0,3
14379,286,-0.946044921875,-0.3076171875,0.260009765625,0,3
14442,287,-0.944580078125,-0.376708984375,0.258544921875,0,3
14487,288,-0.9443359375,-0.37548828125,0.257568359375,0,3
14541,289,-0.947998046875,-0.3095703125,0.255859375,0,3
14585,290,-0.944091796875,-0.376708984375,0.251708984375,0,3
14623,291,-0.940185546875,-0.3046875,0.251220703125,0,3
14669,292,-0.942626953125,-0.302490234375,0.257080078125,0,3
14731,293,-0.944580078125,-0.30615234375,0.262451171875,0,3
14779,294,-0.95263671875,-0.307861328125,0.186279296875,0,3
14820,295,-0.93994140625,-0.31201171875,0.2568359375,0,3
14862,296,-0.94921875,-0.380859375,0.18603515625,0,3
14915,297,-0.94189453125,-0.3759765625,0.254638671875,0,3
14963,298,-0.945068359375,-0.376953125,0.25341796875,0,3
114,1,-5.4140625,4.9609375,-4.7578125,1,3
155,2,-7.4453125,4.03125,-5.1328125,1,3
182,3,-7.4453125,4.03125,-5.1328125,1,3
239,4,0.046875,2.171875,-3.4296875,1,3
253,5,0.046875,2.171875,-3.4296875,1,3
287,6,-1.1875,-0.4296875,-4.21875,1,3
340,7,-0.515625,-0.8828125,-4.1953125,1,3
389,8,-0.953125,0.78125,-4.53125,1,3
436,9,0.84375,0.7890625,-4.8828125,1,3
485,10,-1.21875,2.015625,-4.8046875,1,3
531,11,-4.609375,2.1953125,-4.234375,1,3
634,12,-4.21875,1.1484375,-1.9140625,1,3
695,13,-3.2421875,1.453125,-4.3828125,1,3
728,14,-4.1640625,2.953125,-4.234375,1,3
774,15,0.1015625,-0.0078125,-1.7734375,1,3
824,16,2.296875,0.7578125,-1.6484375,1,3
878,17,0.4609375,0.6953125,-4.6171875,1,3
985,18,8.4296875,-4.09375,-1.4140625,1,3
1011,19,8.4296875,-4.09375,-1.4140625,1,3
1025,20,27.8515625,-11.8046875,-2.1171875,1,3
1067,21,4.8828125,-10.9140625,-2.578125,1,3
1115,22,-8.4453125,-17.203125,-2.84375,1,3
1164,23,17.2890625,-29.5859375,7.7421875,1,3
1213,24,-45.953125,-27.2265625,0.375,1,3
1262,25,-12.8203125,-15.4140625,-7.4296875,1,3
1311,26,52.140625,-3.1015625,-2.375,1,3
1359,27,-30.546875,30.6640625,-17.546875,1,3
1408,28,-5.9296875,32.2890625,-37.3125,1,3
1463,29,-25.1171875,26.984375,-45.8671875,1,3
1505,30,-36.8046875,37.015625,-47.09375,1,3
1561,31,-14.9765625,33.90625,-39.3203125,1,3
1609,32,-25.328125,11.8671875,-21.9921875,1,3
1653,33,-9.7578125,-4.5625,-11.7421875,1,3
1724,34,6.53125,-36.625,-3.890625,1,3
1750,35,14.5859375,-32.4296875,6.734375,1,3
1797,36,-10.2421875,-26.578125,14.7109375,1,3
1847,37,-65.8828125,-8.7578125,26.4140625,1,3
1896,38,-61.203125,8.6953125,30.4140625,1,3
1944,39,-72.6015625,27.2734375,34.28125,1,3
1993,40,-96.96875,30.5859375,23.484375,1,3
2043,41,-103.296875,31.734375,6.7734375,1,3
2090,42,-56.90625,25.1484375,2.7890625,1,3
2141,43,-23.0078125,27.71875,1.1875,1,3
2188,44,-32.7109375,25.2265625,-1.984375,1,3
2236,45,-84.875,27.8671875,-12.953125,1,3
2284,46,-24.8515625,13.5625,-11.71875,1,3
2336,47,-7.953125,13.84375,-9.8515625,1,3
2383,48,-43.03125,13.4296875,-9.71875,1,3
2432,49,-18.5625,11.65625,-10.3359375,1,3
2480,50,-46.6328125,16.6171875,-13.5390625,1,3
2577,51,-25.96875,5.2109375,-7.4296875,1,3
2626,52,-29.40625,4.0,-6.96875,1,3
2675,53,-43.953125,8.640625,-10.765625,1,3
2724,54,-32.1171875,7.796875,-18.125,1,3
2772,55,14.6015625,0.8125,-17.265625,1,3
2821,56,24.734375,-7.34375,-6.6640625,1,3
2870,57,-31.15625,-1.703125,-0.703125,1,3
2919,58,49.1796875,4.7578125,3.8125,1,3
2972,59,46.5234375,25.421875,-10.2109375,1,3
3017,60,29.015625,-3.328125,-4.4453125,1,3
3068,61,-61.8828125,3.2421875,14.3671875,1,3
3117,62,122.8125,-15.6484375,29.328125,1,3
3164,63,67.0703125,-25.2578125,30.0546875,1,3
3213,64,-10.65625,-1.6796875,12.9375,1,3
3260,65,44.0,-2.5390625,-0.234375,1,3
3310,66,28.7734375,3.03125,-18.765625,1,3
3359,67,9.3203125,8.046875,-27.2109375,1,3
3409,68,51.9609375,-4.0390625,-26.4296875,1,3
3456,69,86.375,-9.5390625,-19.6953125,1,3
3505,70,74.8828125,-18.2734375,-17.046875,1,3
3555,71,40.3828125,-21.5078125,-18.484375,1,3
3607,72,24.8125,-33.328125,-9.828125,1,3
3652,73,34.6640625,-38.1171875,-0.9375,1,3
3704,74,13.21875,-44.8515625,13.109375,1,3
3748,75,17.4140625,-44.84375,25.28125,1,3
3796,76,20.6484375,-35.5,33.3828125,1,3
3845,77,10.1640625,-25.578125,31.0546875,1,3
3898,78,-10.0625,-14.828125,28.34375,1,3
3943,79,-8.421875,-7.0546875,25.34375,1,3
3992,80,12.1328125,-2.015625,22.7265625,1,3
4041,81,7.0625,7.5859375,9.1171875,1,3
4089,82,17.5625,10.6640625,0.5390625,1,3
4138,83,62.2734375,5.03125,-5.7109375,1,3
4186,84,73.2421875,14.640625,-5.484375,1,3
4235,85,86.6640625,17.078125,-3.921875,1,3
4287,86,62.0390625,13.265625,-4.59375,1,3
4333,87,4.1640625,-0.171875,6.6640625,1,3
4387,88,-13.28125,-4.0,13.203125,1,3
4434,89,-18.1171875,-10.53125,14.1484375,1,3
4480,90,-41.0859375,-15.0859375,7.1953125,1,3
4582,91,-48.5625,-21.34375,5.921875,1,3
4626,92,-13.3984375,-20.7421875,7.5078125,1,3
4674,93,4.71875,-16.3984375,8.171875,1,3
4722,94,-8.875,-7.4453125,2.7890625,1,3
4773,95,-14.2265625,-4.3046875,-1.609375,1,3
4822,96,-12.4453125,1.0703125,-5.078125,1,3
4870,97,-10.7265625,8.0,-9.0234375,1,3
4918,98,-11.5703125,11.578125,-14.0859375,1,3
4967,99,-17.75,18.125,-13.53125,1,3
5019,100,-21.453125,20.2890625,-12.9140625,1,3
5064,101,-24.0859375,20.953125,-8.546875,1,3
5116,102,-21.7734375,15.90625,-3.0625,1,3
5166,103,-19.6171875,12.546875,-4.75,1,3
5210,104,-9.1171875,3.421875,-2.5390625,1,3
5259,105,4.3515625,-4.9921875,-0.2421875,1,3
5308,106,8.5078125,-3.6015625,2.5859375,1,3
5356,107,-2.046875,-8.3046875,0.4296875,1,3
5405,108,4.328125,-10.1875,0.3046875,1,3
5454,109,0.8515625,-8.875,0.9140625,1,3
5502,110,-2.0234375,-8.1015625,0.4140625,1,3
5551,111,-2.6328125,-6.1640625,0.0859375,1,3
5607,112,-4.234375,-1.21875,-1.0234375,1,3
5664,113,-5.59375,2.25,-4.0703125,1,3
5699,114,-5.078125,4.6640625,-1.8046875,1,3
5747,115,-5.5703125,6.390625,-4.1796875,1,3
5795,116,-5.671875,5.6953125,-4.71875,1,3
5844,117,-3.140625,5.546875,-1.3984375,1,3
5892,118,-6.8828125,6.859375,-1.5546875,1,3
5941,119,-1.3203125,3.828125,-1.1875,1,3
5991,120,-1.8984375,4.4921875,-1.3203125,1,3
6040,121,-2.0,1.125,-1.15625,1,3
6088,122,-2.6171875,0.5390625,-2.765625,1,3
6137,123,0.2734375,-1.6484375,-2.125,1,3
6185,124,-0.3828125,-4.7734375,-0.578125,1,3
6234,125,-4.40625,-4.3984375,-0.3984375,1,3
6283,126,-2.203125,-4.7265625,2.140625,1,3
6331,127,-1.8984375,-1.46875,-0.546875,1,3
6382,128,-3.453125,-2.3203125,0.2109375,1,3
6480,129,-3.703125,0.6953125,-2.3671875,1,3
6527,130,-3.46875,-0.75,-2.59375,1,3
6575,131,-5.78125,2.5703125,-1.8515625,1,3
6633,132,-8.6953125,1.9609375,-4.5078125,1,3
6675,133,-7.3046875,1.828125,-2.7890625,1,3
6722,134,-3.6796875,1.0,0.203125,1,3
6770,135,-6.1484375,2.8203125,0.171875,1,3
6819,136,-4.6015625,2.7265625,-2.9296875,1,3
6868,137,-1.8359375,2.484375,-1.6015625,1,3
6917,138,-5.2421875,1.453125,-4.609375,1,3
6965,139,-7.5625,2.8046875,-6.046875,1,3
7014,140,-9.265625,-0.4296875,-4.9296875,1,3
7062,141,-4.796875,0.328125,0.4765625,1,3
7110,142,3.1171875,-2.6796875,0.9296875,1,3
7160,143,-3.6015625,2.1484375,-2.5859375,1,3
7209,144,-8.625,2.5390625,-2.2578125,1,3
7257,145,-7.3046875,-0.5,-2.6875,1,3
7306,146,-3.4296875,-2.1015625,0.1640625,1,3
7355,147,-0.609375,-1.4765625,0.296875,1,3
7404,148,0.7109375,-4.1640625,-2.453125,1,3
7453,149,3.8671875,-1.9609375,0.5234375,1,3
7502,150,4.734375,-2.2265625,-1.4609375,1,3
7551,151,4.5546875,2.09375,-1.4453125,1,3
7607,152,-1.78125,3.5546875,-1.4375,1,3
7654,153,-5.140625,5.546875,-4.5703125,1,3
7696,154,-8.8203125,8.21875,-4.84375,1,3
7746,155,-5.8515625,5.8984375,-1.8984375,1,3
7793,156,-10.2421875,5.125,-1.1328125,1,3
7842,157,-5.96875,4.1640625,-1.640625,1,3
7891,158,-4.4609375,-0.8671875,-1.6796875,1,3
7947,159,4.2578125,-2.3359375,-1.0078125,1,3
7991,160,3.3125,0.8515625,-5.0,1,3
8038,161,-15.15625,4.9765625,-5.5859375,1,3
8087,162,-18.7890625,3.859375,-3.875,1,3
8134,163,-14.1875,1.25,-1.828125,1,3
8184,164,-8.484375,-2.2421875,0.8046875,1,3
8233,165,-4.015625,-1.7890625,4.5625,1,3
8281,166,-3.078125,-1.390625,6.046875,1,3
8330,167,-6.15625,-2.765625,3.4765625,1,3
8379,168,-7.3671875,0.328125,4.0703125,1,3
8475,169,-1.8359375,-2.09375,1.4453125,1,3
8525,170,-6.296875,-0.203125,2.46875,1,3
8580,171,-6.8125,2.5546875,-0.5390625,1,3
8627,172,-4.7578125,2.15625,-2.6484375,1,3
8671,173,-1.453125,2.8984375,-1.28125,1,3
8720,174,-3.28125,1.578125,-4.8828125,1,3
8769,175,-1.6328125,4.265625,-3.046875,1,3
8824,176,-3.4453125,1.1953125,-3.46875,1,3
8866,177,-4.3984375,-0.3359375,-4.703125,1,3
8914,178,-1.421875,0.5234375,-1.2109375,1,3
8965,179,-4.46875,-2.6328125,-2.640625,1,3
9012,180,-1.1796875,-1.1953125,0.796875,1,3
9061,181,-1.5703125,-1.5859375,0.4140625,1,3
9117,182,-4.359375,-1.140625,0.359375,1,3
9159,183,-6.1953125,0.0546875,0.34375,1,3
9206,184,-3.5390625,0.203125,0.1328125,1,3
9255,185,-4.6484375,0.5,0.015625,1,3
9304,186,-1.7890625,0.9765625,-2.4921875,1,3
9353,187,-1.96875,2.4140625,-2.96875,1,3
9406,188,-4.609375,1.3125,-2.9921875,1,3
9452,189,-1.0703125,1.15625,-1.21875,1,3
9499,190,0.265625,1.171875,-2.3125,1,3
9548,191,-1.0078125,1.140625,-2.7890625,1,3
9601,192,-4.140625,2.5625,-2.9921875,1,3
9648,193,-1.8515625,2.140625,-1.453125,1,3
9694,194,-1.0234375,-0.4921875,-1.421875,1,3
9743,195,-1.3515625,0.6484375,-2.6875,1,3
9792,196,-2.453125,0.328125,-2.9140625,1,3
9841,197,-1.9140625,0.265625,-2.53125,1,3
9888,198,-4.65625,0.609375,-2.1953125,1,3
9938,199,-4.7265625,0.859375,-2.390625,1,3
9987,200,-6.5078125,-0.421875,-2.3984375,1,3
10036,201,-5.3671875,2.28125,0.0625,1,3
10085,202,-6.96875,2.1875,-2.3359375,1,3
10133,203,-6.7421875,2.3828125,-2.9609375,1,3
10182,204,-7.7890625,1.3515625,-1.0390625,1,3
10230,205,-8.6328125,2.5390625,-1.609375,1,3
10279,206,-3.875,-0.8515625,-1.9375,1,3
10329,207,-4.8984375,-2.0625,-1.3984375,1,3
10426,208,-3.1015625,0.0703125,-2.3515625,1,3
10475,209,-1.96875,-2.546875,-2.8515625,1,3
10524,210,-2.1171875,-2.34375,0.46875,1,3
10574,211,-1.625,0.328125,-0.875,1,3
10620,212,-1.171875,0.921875,0.421875,1,3
10669,213,-4.921875,2.203125,0.765625,1,3
10718,214,-4.9375,2.3359375,0.3046875,1,3
10767,215,-3.4453125,1.046875,-2.09375,1,3
10816,216,-1.5390625,2.3984375,-2.109375,1,3
10864,217,-1.5625,-0.1171875,-2.5703125,1,3
10914,218,-4.8828125,-0.4140625,-2.875,1,3
10965,219,-1.265625,-0.984375,-2.859375,1,3
11012,220,-1.75,-0.859375,-2.7109375,1,3
11062,221,-2.2265625,-0.9375,-2.2890625,1,3
11108,222,-4.21875,-0.2265625,-1.359375,1,3
11157,223,-2.765625,-0.0078125,-1.2421875,1,3
11206,224,-1.9609375,2.2421875,-2.78125,1,3
11254,225,-4.34375,2.296875,-2.90625,1,3
11303,226,-1.8828125,2.09375,-2.7578125,1,3
11352,227,-4.15625,-0.15625,-2.3125,1,3
11400,228,-4.671875,-0.8125,-2.234375,1,3
11449,229,-4.046875,-0.71875,-2.3984375,1,3
11498,230,-3.1171875,-0.234375,-2.0234375,1,3
11547,231,-4.6015625,-0.96875,-2.625,1,3
11600,232,-4.546875,0.703125,-2.390625,1,3
11647,233,-4.3046875,0.265625,-2.578125,1,3
11692,234,-1.4765625,0.71875,0.1640625,1,3
11741,235,-4.203125,0.9453125,-2.8203125,1,3
11790,236,-1.140625,-0.2890625,-2.9453125,1,3
11840,237,-3.0546875,2.015625,-2.1328125,1,3
11889,238,-4.125,-0.046875,-2.5625,1,3
11936,239,-1.625,-0.59375,-2.5546875,1,3
11985,240,-4.5625,-0.2734375,0.109375,1,3
12035,241,-4.125,-0.6484375,0.0546875,1,3
12083,242,-3.046875,-0.59375,-2.3359375,1,3
12132,243,-4.609375,-0.921875,0.140625,1,3
12181,244,-1.5,0.9453125,-2.765625,1,3
12230,245,-4.3046875,-0.2890625,-2.3125,1,3
12279,246,-1.09375,0.8671875,-1.1953125,1,3
12377,247,-4.2578125,-0.71875,-1.0546875,1,3
12425,248,-1.25,-2.09375,-2.7109375,1,3
12474,249,0.6171875,-2.2421875,0.390625,1,3
12583,250,-2.265625,0.2890625,0.4296875,1,3
12602,251,-2.265625,0.2890625,0.4296875,1,3
12625,252,-4.3515625,0.984375,0.421875,1,3
12685,253,-4.546875,-0.953125,-2.1953125,1,3
12736,254,-2.4921875,-0.9765625,0.203125,1,3
12776,255,-1.7109375,-0.2734375,-2.5078125,1,3
12824,256,-4.3515625,2.359375,-2.9296875,1,3
12868,257,-4.578125,2.421875,-1.265625,1,3
12934,258,-5.0,2.2421875,-1.1015625,1,3
12975,259,-4.0234375,2.2265625,-2.8203125,1,3
13015,260,-3.078125,-0.0546875,-2.8125,1,3
13072,261,-2.234375,0.828125,-2.6875,1,3
13110,262,-1.5,-0.8046875,-2.9375,1,3
13163,263,-3.4921875,-0.3828125,-2.7265625,1,3
13218,264,-4.578125,-0.5234375,-2.5078125,1,3
13257,265,-3.21875,-0.53125,-2.3046875,1,3
13317,266,-4.171875,-0.9921875,-2.0859375,1,3
13356,267,-1.828125,0.9765625,-2.640625,1,3
13409,268,-3.6171875,-0.421875,-2.328125,1,3
13466,269,-1.921875,-0.9453125,-2.0859375,1,3
13507,270,-4.75,-0.5078125,-2.4375,1,3
13551,271,-4.4765625,-0.640625,-2.3984375,1,3
13609,272,-4.2265625,-0.7109375,-2.640625,1,3
13648,273,-4.4609375,-0.546875,-2.4140625,1,3
13703,274,-4.484375,-0.765625,-2.265625,1,3
13743,275,-1.8359375,0.9765625,-2.2578125,1,3
13796,276,-1.6953125,-0.8203125,-2.0625,1,3
13855,277,-1.1796875,0.953125,-2.5078125,1,3
13904,278,-4.296875,-0.078125,-2.015625,1,3
13978,279,-2.8828125,-0.8984375,-2.671875,1,3
14020,280,-3.328125,-0.40625,-2.734375,1,3
14063,281,-4.3046875,0.734375,-2.5234375,1,3
14087,282,-4.375,0.84375,0.1015625,1,3
14138,283,-4.53125,0.9296875,0.078125,1,3
14190,284,-1.3203125,0.921875,0.2578125,1,3
14232,285,-4.78125,-0.5703125,0.1875,1,3
14345,286,-4.2265625,-0.4375,-2.328125,1,3
14380,287,-4.359375,-0.265625,-2.65625,1,3
14444,288,-4.7421875,-0.4140625,-2.7109375,1,3
14489,289,-4.5,-0.1640625,-2.953125,1,3
14543,290,-4.3203125,-0.609375,-2.453125,1,3
14587,291,-1.8046875,-0.8359375,-2.6015625,1,3
14626,292,-4.859375,-0.34375,-2.578125,1,3
14671,293,-5.0,-0.5390625,-2.4765625,1,3
14733,294,-2.140625,0.8359375,-2.90625,1,3
14783,295,-3.0,0.765625,-1.3828125,1,3
14826,296,-4.9609375,-0.3671875,-4.1328125,1,3
14864,297,-4.5625,-0.6484375,-1.515625,1,3
14917,298,-4.4375,-0.7578125,-2.59375,1,3
14964,299,-1.921875,-0.59375,0.2734375,1,3
